Image Name,Time,Emotion
img4 (7106).jpg,2023-04-30 01:14:47.450285,Sad
img4 (7107).jpg,2023-04-30 01:14:47.454287,Sad
img4 (7108).jpg,2023-04-30 01:14:47.459675,Sad
img4 (7109).jpg,2023-04-30 01:14:47.463568,Sad
img4 (711).jpg,2023-04-30 01:14:47.469008,Sad
img4 (7110).jpg,2023-04-30 01:14:47.474009,Sad
img4 (7111).jpg,2023-04-30 01:14:47.479010,Sad
img4 (7112).jpg,2023-04-30 01:14:47.483219,Sad
img4 (7113).jpg,2023-04-30 01:14:47.488220,Fear
img4 (7114).jpg,2023-04-30 01:14:47.492520,Sad
img4 (7115).jpg,2023-04-30 01:14:47.498234,Sad
img4 (7116).jpg,2023-04-30 01:14:47.503048,Neutral
img4 (7117).jpg,2023-04-30 01:14:47.506793,Sad
img4 (7118).jpg,2023-04-30 01:14:47.511545,Sad
img4 (7119).jpg,2023-04-30 01:14:47.517364,Happy
img4 (712).jpg,2023-04-30 01:14:47.521366,Sad
img4 (7120).jpg,2023-04-30 01:14:47.525942,Fear
img4 (7121).jpg,2023-04-30 01:14:47.532056,Sad
img4 (7122).jpg,2023-04-30 01:14:47.537057,Sad
img4 (7123).jpg,2023-04-30 01:14:47.541482,Fear
img4 (7124).jpg,2023-04-30 01:14:47.546206,Sad
img4 (7125).jpg,2023-04-30 01:14:47.551127,Sad
img4 (7126).jpg,2023-04-30 01:14:47.555757,Sad
img4 (7127).jpg,2023-04-30 01:14:47.560797,Sad
img4 (7128).jpg,2023-04-30 01:14:47.565798,Neutral
img4 (7129).jpg,2023-04-30 01:14:47.570715,Sad
img4 (713).jpg,2023-04-30 01:14:47.574716,Neutral
img4 (7130).jpg,2023-04-30 01:14:47.579055,Fear
img4 (7131).jpg,2023-04-30 01:14:47.584720,Sad
img4 (7132).jpg,2023-04-30 01:14:47.589724,Sad
img4 (7133).jpg,2023-04-30 01:14:47.593557,Neutral
img4 (7134).jpg,2023-04-30 01:14:47.598558,Sad
img4 (7135).jpg,2023-04-30 01:14:47.603560,Sad
img4 (7136).jpg,2023-04-30 01:14:47.608417,Neutral
img4 (7137).jpg,2023-04-30 01:14:47.612433,Fear
img4 (7138).jpg,2023-04-30 01:14:47.618434,Sad
img4 (7139).jpg,2023-04-30 01:14:47.623246,Sad
img4 (714).jpg,2023-04-30 01:14:47.628247,Sad
img4 (7140).jpg,2023-04-30 01:14:47.633199,Sad
img4 (7141).jpg,2023-04-30 01:14:47.638190,Sad
img4 (7142).jpg,2023-04-30 01:14:47.642191,Sad
img4 (7143).jpg,2023-04-30 01:14:47.647685,Neutral
img4 (7144).jpg,2023-04-30 01:14:47.652642,Sad
img4 (7145).jpg,2023-04-30 01:14:47.657324,Sad
img4 (7146).jpg,2023-04-30 01:14:47.662325,Neutral
img4 (7147).jpg,2023-04-30 01:14:47.666326,Sad
img4 (7148).jpg,2023-04-30 01:14:47.671992,Sad
img4 (7149).jpg,2023-04-30 01:14:47.676167,Sad
img4 (715).jpg,2023-04-30 01:14:47.681168,Fear
img4 (7150).jpg,2023-04-30 01:14:47.686228,Sad
img4 (7151).jpg,2023-04-30 01:14:47.690137,Neutral
img4 (7152).jpg,2023-04-30 01:14:47.695138,Angry
img4 (7153).jpg,2023-04-30 01:14:47.700140,Sad
img4 (7154).jpg,2023-04-30 01:14:47.705140,Sad
img4 (7155).jpg,2023-04-30 01:14:47.710141,Neutral
img4 (7156).jpg,2023-04-30 01:14:47.715060,Sad
img4 (7157).jpg,2023-04-30 01:14:47.720061,Fear
img4 (7158).jpg,2023-04-30 01:14:47.724062,Sad
img4 (7159).jpg,2023-04-30 01:14:47.729869,Fear
img4 (716).jpg,2023-04-30 01:14:47.733870,Fear
img4 (7160).jpg,2023-04-30 01:14:47.738871,Sad
img4 (7161).jpg,2023-04-30 01:14:47.744191,Neutral
img4 (7162).jpg,2023-04-30 01:14:47.748969,Angry
img4 (7163).jpg,2023-04-30 01:14:47.753970,Sad
img4 (7164).jpg,2023-04-30 01:14:47.757971,Sad
img4 (7165).jpg,2023-04-30 01:14:47.762973,Sad
img4 (7166).jpg,2023-04-30 01:14:47.767596,Fear
img4 (7167).jpg,2023-04-30 01:14:47.772718,Neutral
img4 (7168).jpg,2023-04-30 01:14:47.777098,Sad
img4 (7169).jpg,2023-04-30 01:14:47.782099,Sad
img4 (717).jpg,2023-04-30 01:14:47.787101,Neutral
img4 (7170).jpg,2023-04-30 01:14:47.792219,Sad
img4 (7171).jpg,2023-04-30 01:14:47.797190,Neutral
img4 (7172).jpg,2023-04-30 01:14:47.802069,Sad
img4 (7173).jpg,2023-04-30 01:14:47.806674,Neutral
img4 (7174).jpg,2023-04-30 01:14:47.811929,Sad
img4 (7175).jpg,2023-04-30 01:14:47.815929,Sad
img4 (7176).jpg,2023-04-30 01:14:47.820701,Sad
img4 (7177).jpg,2023-04-30 01:14:47.825643,Fear
img4 (7178).jpg,2023-04-30 01:14:47.830348,Happy
img4 (7179).jpg,2023-04-30 01:14:47.835349,Sad
img4 (718).jpg,2023-04-30 01:14:47.839350,Sad
img4 (7180).jpg,2023-04-30 01:14:47.844351,Sad
img4 (7181).jpg,2023-04-30 01:14:47.849352,Happy
img4 (7182).jpg,2023-04-30 01:14:47.853353,Sad
img4 (7183).jpg,2023-04-30 01:14:47.858354,Sad
img4 (7184).jpg,2023-04-30 01:14:47.863355,Sad
img4 (7185).jpg,2023-04-30 01:14:47.868356,Neutral
img4 (7186).jpg,2023-04-30 01:14:47.872358,Happy
img4 (7187).jpg,2023-04-30 01:14:47.877358,Fear
img4 (7188).jpg,2023-04-30 01:14:47.882360,Sad
img4 (7189).jpg,2023-04-30 01:14:47.887361,Fear
img4 (719).jpg,2023-04-30 01:14:47.892362,Fear
img4 (7190).jpg,2023-04-30 01:14:47.897363,Neutral
img4 (7191).jpg,2023-04-30 01:14:47.902364,Fear
img4 (7192).jpg,2023-04-30 01:14:47.907365,Sad
img4 (7193).jpg,2023-04-30 01:14:47.912367,Fear
img4 (7194).jpg,2023-04-30 01:14:47.917368,Sad
img4 (7195).jpg,2023-04-30 01:14:47.921369,Fear
img4 (7196).jpg,2023-04-30 01:14:47.926369,Sad
img4 (7197).jpg,2023-04-30 01:14:47.932371,Neutral
img4 (7198).jpg,2023-04-30 01:14:47.938373,Fear
img4 (7199).jpg,2023-04-30 01:14:47.943373,Angry
img4 (72).jpg,2023-04-30 01:14:47.948376,Neutral
img4 (720).jpg,2023-04-30 01:14:47.953376,Sad
img4 (7200).jpg,2023-04-30 01:14:47.958377,Sad
img4 (7201).jpg,2023-04-30 01:14:47.963378,Sad
img4 (7202).jpg,2023-04-30 01:14:47.968379,Angry
img4 (7203).jpg,2023-04-30 01:14:47.972380,Sad
img4 (7204).jpg,2023-04-30 01:14:47.978409,Sad
img4 (7205).jpg,2023-04-30 01:14:47.983190,Sad
img4 (7206).jpg,2023-04-30 01:14:47.987190,Sad
img4 (7207).jpg,2023-04-30 01:14:47.992192,Happy
img4 (7208).jpg,2023-04-30 01:14:47.997228,Sad
img4 (7209).jpg,2023-04-30 01:14:48.001229,Angry
img4 (721).jpg,2023-04-30 01:14:48.006807,Fear
img4 (7210).jpg,2023-04-30 01:14:48.011561,Neutral
img4 (7211).jpg,2023-04-30 01:14:48.015324,Angry
img4 (7212).jpg,2023-04-30 01:14:48.021011,Sad
img4 (7213).jpg,2023-04-30 01:14:48.024747,Sad
img4 (7214).jpg,2023-04-30 01:14:48.029748,Angry
img4 (7215).jpg,2023-04-30 01:14:48.034749,Sad
img4 (7216).jpg,2023-04-30 01:14:48.039591,Sad
img4 (7217).jpg,2023-04-30 01:14:48.043784,Sad
img4 (7218).jpg,2023-04-30 01:14:48.048785,Sad
img4 (7219).jpg,2023-04-30 01:14:48.053786,Neutral
img4 (722).jpg,2023-04-30 01:14:48.058920,Sad
img4 (7220).jpg,2023-04-30 01:14:48.063854,Sad
img4 (7221).jpg,2023-04-30 01:14:48.068001,Sad
img4 (7222).jpg,2023-04-30 01:14:48.073002,Happy
img4 (7223).jpg,2023-04-30 01:14:48.077797,Sad
img4 (7224).jpg,2023-04-30 01:14:48.082798,Sad
img4 (7225).jpg,2023-04-30 01:14:48.087099,Sad
img4 (7226).jpg,2023-04-30 01:14:48.091733,Neutral
img4 (7227).jpg,2023-04-30 01:14:48.096734,Sad
img4 (7228).jpg,2023-04-30 01:14:48.101276,Angry
img4 (7229).jpg,2023-04-30 01:14:48.105730,Neutral
img4 (723).jpg,2023-04-30 01:14:48.110418,Sad
img4 (7230).jpg,2023-04-30 01:14:48.115419,Sad
img4 (7231).jpg,2023-04-30 01:14:48.120420,Sad
img4 (7232).jpg,2023-04-30 01:14:48.125276,Sad
img4 (7233).jpg,2023-04-30 01:14:48.129759,Sad
img4 (7234).jpg,2023-04-30 01:14:48.134761,Sad
img4 (7235).jpg,2023-04-30 01:14:48.139364,Sad
img4 (7236).jpg,2023-04-30 01:14:48.144365,Happy
img4 (7237).jpg,2023-04-30 01:14:48.149529,Neutral
img4 (7238).jpg,2023-04-30 01:14:48.154533,Sad
img4 (7239).jpg,2023-04-30 01:14:48.159535,Angry
img4 (724).jpg,2023-04-30 01:14:48.163538,Neutral
img4 (7240).jpg,2023-04-30 01:14:48.168299,Sad
img4 (7241).jpg,2023-04-30 01:14:48.172589,Neutral
img4 (7242).jpg,2023-04-30 01:14:48.177590,Sad
img4 (7243).jpg,2023-04-30 01:14:48.182591,Neutral
img4 (7244).jpg,2023-04-30 01:14:48.187139,Fear
img4 (7245).jpg,2023-04-30 01:14:48.192042,Sad
img4 (7246).jpg,2023-04-30 01:14:48.196677,Neutral
img4 (7247).jpg,2023-04-30 01:14:48.201323,Happy
img4 (7248).jpg,2023-04-30 01:14:48.206323,Neutral
img4 (7249).jpg,2023-04-30 01:14:48.210327,Sad
img4 (725).jpg,2023-04-30 01:14:48.215042,Sad
img4 (7250).jpg,2023-04-30 01:14:48.220043,Sad
img4 (7251).jpg,2023-04-30 01:14:48.224959,Sad
img4 (7252).jpg,2023-04-30 01:14:48.229611,Neutral
img4 (7253).jpg,2023-04-30 01:14:48.234612,Sad
img4 (7254).jpg,2023-04-30 01:14:48.273659,Neutral
img4 (7255).jpg,2023-04-30 01:14:48.278660,Sad
img4 (7256).jpg,2023-04-30 01:14:48.284264,Sad
img4 (7257).jpg,2023-04-30 01:14:48.289328,Sad
img4 (7258).jpg,2023-04-30 01:14:48.293456,Sad
img4 (7259).jpg,2023-04-30 01:14:48.298458,Sad
img4 (726).jpg,2023-04-30 01:14:48.303459,Sad
img4 (7260).jpg,2023-04-30 01:14:48.309442,Sad
img4 (7261).jpg,2023-04-30 01:14:48.314446,Sad
img4 (7262).jpg,2023-04-30 01:14:48.318299,Sad
img4 (7263).jpg,2023-04-30 01:14:48.323300,Sad
img4 (7264).jpg,2023-04-30 01:14:48.328575,Neutral
img4 (7265).jpg,2023-04-30 01:14:48.333578,Sad
img4 (7266).jpg,2023-04-30 01:14:48.338356,Sad
img4 (7267).jpg,2023-04-30 01:14:48.344357,Sad
img4 (7268).jpg,2023-04-30 01:14:48.349457,Angry
img4 (7269).jpg,2023-04-30 01:14:48.353971,Angry
img4 (727).jpg,2023-04-30 01:14:48.359465,Sad
img4 (7270).jpg,2023-04-30 01:14:48.364466,Sad
img4 (7271).jpg,2023-04-30 01:14:48.369144,Neutral
img4 (7272).jpg,2023-04-30 01:14:48.374148,Neutral
img4 (7273).jpg,2023-04-30 01:14:48.379149,Sad
img4 (7274).jpg,2023-04-30 01:14:48.384150,Sad
img4 (7275).jpg,2023-04-30 01:14:48.389154,Angry
img4 (7276).jpg,2023-04-30 01:14:48.395159,Sad
img4 (7277).jpg,2023-04-30 01:14:48.401162,Neutral
img4 (7278).jpg,2023-04-30 01:14:48.405162,Sad
img4 (7279).jpg,2023-04-30 01:14:48.410163,Sad
img4 (728).jpg,2023-04-30 01:14:48.414164,Sad
img4 (7280).jpg,2023-04-30 01:14:48.420166,Sad
img4 (7281).jpg,2023-04-30 01:14:48.425166,Neutral
img4 (7282).jpg,2023-04-30 01:14:48.430168,Angry
img4 (7283).jpg,2023-04-30 01:14:48.435169,Angry
img4 (7284).jpg,2023-04-30 01:14:48.440170,Sad
img4 (7285).jpg,2023-04-30 01:14:48.445171,Sad
img4 (7286).jpg,2023-04-30 01:14:48.450172,Neutral
img4 (7287).jpg,2023-04-30 01:14:48.455173,Happy
img4 (7288).jpg,2023-04-30 01:14:48.459174,Neutral
img4 (7289).jpg,2023-04-30 01:14:48.464176,Sad
img4 (729).jpg,2023-04-30 01:14:48.469176,Sad
img4 (7290).jpg,2023-04-30 01:14:48.474178,Happy
img4 (7291).jpg,2023-04-30 01:14:48.480179,Sad
img4 (7292).jpg,2023-04-30 01:14:48.485180,Fear
img4 (7293).jpg,2023-04-30 01:14:48.491181,Sad
img4 (7294).jpg,2023-04-30 01:14:48.497183,Neutral
img4 (7295).jpg,2023-04-30 01:14:48.502184,Angry
img4 (7296).jpg,2023-04-30 01:14:48.507185,Sad
img4 (7297).jpg,2023-04-30 01:14:48.513186,Sad
img4 (7298).jpg,2023-04-30 01:14:48.518188,Neutral
img4 (7299).jpg,2023-04-30 01:14:48.523189,Sad
img4 (73).jpg,2023-04-30 01:14:48.528190,Neutral
img4 (730).jpg,2023-04-30 01:14:48.532190,Sad
img4 (7300).jpg,2023-04-30 01:14:48.537877,Angry
img4 (7301).jpg,2023-04-30 01:14:48.542120,Sad
img4 (7302).jpg,2023-04-30 01:14:48.547122,Sad
img4 (7303).jpg,2023-04-30 01:14:48.551993,Sad
img4 (7304).jpg,2023-04-30 01:14:48.557997,Sad
img4 (7305).jpg,2023-04-30 01:14:48.562998,Fear
img4 (7306).jpg,2023-04-30 01:14:48.567999,Neutral
img4 (7307).jpg,2023-04-30 01:14:48.573647,Happy
img4 (7308).jpg,2023-04-30 01:14:48.577648,Neutral
img4 (7309).jpg,2023-04-30 01:14:48.583315,Sad
img4 (731).jpg,2023-04-30 01:14:48.588317,Sad
img4 (7310).jpg,2023-04-30 01:14:48.592317,Sad
img4 (7311).jpg,2023-04-30 01:14:48.597319,Sad
img4 (7312).jpg,2023-04-30 01:14:48.602320,Sad
img4 (7313).jpg,2023-04-30 01:14:48.607321,Sad
img4 (7314).jpg,2023-04-30 01:14:48.613428,Sad
img4 (7315).jpg,2023-04-30 01:14:48.617761,Neutral
img4 (7316).jpg,2023-04-30 01:14:48.622067,Fear
img4 (7317).jpg,2023-04-30 01:14:48.627069,Sad
img4 (7318).jpg,2023-04-30 01:14:48.632070,Angry
img4 (7319).jpg,2023-04-30 01:14:48.637486,Angry
img4 (732).jpg,2023-04-30 01:14:48.644347,Sad
img4 (7320).jpg,2023-04-30 01:14:48.649454,Sad
img4 (7321).jpg,2023-04-30 01:14:48.653455,Surprise
img4 (7322).jpg,2023-04-30 01:14:48.658208,Fear
img4 (7323).jpg,2023-04-30 01:14:48.663047,Sad
img4 (7324).jpg,2023-04-30 01:14:48.668731,Sad
img4 (7325).jpg,2023-04-30 01:14:48.674160,Sad
img4 (7326).jpg,2023-04-30 01:14:48.678021,Sad
img4 (7327).jpg,2023-04-30 01:14:48.683022,Sad
img4 (7328).jpg,2023-04-30 01:14:48.688024,Fear
img4 (7329).jpg,2023-04-30 01:14:48.693025,Fear
img4 (733).jpg,2023-04-30 01:14:48.698026,Fear
img4 (7330).jpg,2023-04-30 01:14:48.704027,Angry
img4 (7331).jpg,2023-04-30 01:14:48.709028,Sad
img4 (7332).jpg,2023-04-30 01:14:48.714031,Sad
img4 (7333).jpg,2023-04-30 01:14:48.719031,Neutral
img4 (7334).jpg,2023-04-30 01:14:48.723031,Sad
img4 (7335).jpg,2023-04-30 01:14:48.728723,Neutral
img4 (7336).jpg,2023-04-30 01:14:48.732724,Sad
img4 (7337).jpg,2023-04-30 01:14:48.737327,Neutral
img4 (7338).jpg,2023-04-30 01:14:48.742728,Sad
img4 (7339).jpg,2023-04-30 01:14:48.747504,Sad
img4 (734).jpg,2023-04-30 01:14:48.752505,Sad
img4 (7340).jpg,2023-04-30 01:14:48.758195,Sad
img4 (7341).jpg,2023-04-30 01:14:48.763035,Sad
img4 (7342).jpg,2023-04-30 01:14:48.768040,Angry
img4 (7343).jpg,2023-04-30 01:14:48.772043,Neutral
img4 (7344).jpg,2023-04-30 01:14:48.776937,Happy
img4 (7345).jpg,2023-04-30 01:14:48.781689,Fear
img4 (7346).jpg,2023-04-30 01:14:48.786691,Sad
img4 (7347).jpg,2023-04-30 01:14:48.791695,Sad
img4 (7348).jpg,2023-04-30 01:14:48.796696,Fear
img4 (7349).jpg,2023-04-30 01:14:48.801665,Sad
img4 (735).jpg,2023-04-30 01:14:48.806699,Fear
img4 (7350).jpg,2023-04-30 01:14:48.811702,Sad
img4 (7351).jpg,2023-04-30 01:14:48.816703,Neutral
img4 (7352).jpg,2023-04-30 01:14:48.821704,Sad
img4 (7353).jpg,2023-04-30 01:14:48.826705,Happy
img4 (7354).jpg,2023-04-30 01:14:48.831469,Neutral
img4 (7355).jpg,2023-04-30 01:14:48.836348,Sad
img4 (7356).jpg,2023-04-30 01:14:48.841340,Sad
img4 (7357).jpg,2023-04-30 01:14:48.846344,Sad
img4 (7358).jpg,2023-04-30 01:14:48.851346,Sad
img4 (7359).jpg,2023-04-30 01:14:48.855750,Happy
img4 (736).jpg,2023-04-30 01:14:48.860519,Sad
img4 (7360).jpg,2023-04-30 01:14:48.865332,Sad
img4 (7361).jpg,2023-04-30 01:14:48.870207,Sad
img4 (7362).jpg,2023-04-30 01:14:48.875208,Neutral
img4 (7363).jpg,2023-04-30 01:14:48.880209,Sad
img4 (7364).jpg,2023-04-30 01:14:48.885088,Fear
img4 (7365).jpg,2023-04-30 01:14:48.890089,Neutral
img4 (7366).jpg,2023-04-30 01:14:48.895038,Sad
img4 (7367).jpg,2023-04-30 01:14:48.901042,Fear
img4 (7368).jpg,2023-04-30 01:14:48.906020,Neutral
img4 (7369).jpg,2023-04-30 01:14:48.911017,Sad
img4 (737).jpg,2023-04-30 01:14:48.915010,Neutral
img4 (7370).jpg,2023-04-30 01:14:48.919940,Fear
img4 (7371).jpg,2023-04-30 01:14:48.924820,Happy
img4 (7372).jpg,2023-04-30 01:14:48.929743,Happy
img4 (7373).jpg,2023-04-30 01:14:48.934744,Neutral
img4 (7374).jpg,2023-04-30 01:14:48.939745,Sad
img4 (7375).jpg,2023-04-30 01:14:48.944887,Sad
img4 (7376).jpg,2023-04-30 01:14:48.949826,Sad
img4 (7377).jpg,2023-04-30 01:14:48.953827,Neutral
img4 (7378).jpg,2023-04-30 01:14:48.958828,Happy
img4 (7379).jpg,2023-04-30 01:14:48.963829,Sad
img4 (738).jpg,2023-04-30 01:14:48.968830,Neutral
img4 (7380).jpg,2023-04-30 01:14:48.973831,Sad
img4 (7381).jpg,2023-04-30 01:14:48.978832,Sad
img4 (7382).jpg,2023-04-30 01:14:48.982833,Sad
img4 (7383).jpg,2023-04-30 01:14:48.988834,Sad
img4 (7384).jpg,2023-04-30 01:14:48.993836,Sad
img4 (7385).jpg,2023-04-30 01:14:48.998837,Angry
img4 (7386).jpg,2023-04-30 01:14:49.003838,Sad
img4 (7387).jpg,2023-04-30 01:14:49.008839,Sad
img4 (7388).jpg,2023-04-30 01:14:49.012840,Sad
img4 (7389).jpg,2023-04-30 01:14:49.017841,Sad
img4 (739).jpg,2023-04-30 01:14:49.022842,Sad
img4 (7390).jpg,2023-04-30 01:14:49.027843,Sad
img4 (7391).jpg,2023-04-30 01:14:49.032845,Sad
img4 (7392).jpg,2023-04-30 01:14:49.037846,Sad
img4 (7393).jpg,2023-04-30 01:14:49.042847,Sad
img4 (7394).jpg,2023-04-30 01:14:49.047848,Fear
img4 (7395).jpg,2023-04-30 01:14:49.052850,Sad
img4 (7396).jpg,2023-04-30 01:14:49.057852,Neutral
img4 (7397).jpg,2023-04-30 01:14:49.063853,Happy
img4 (7398).jpg,2023-04-30 01:14:49.070854,Fear
img4 (7399).jpg,2023-04-30 01:14:49.076855,Sad
img4 (74).jpg,2023-04-30 01:14:49.081857,Sad
img4 (740).jpg,2023-04-30 01:14:49.087857,Sad
img4 (7400).jpg,2023-04-30 01:14:49.092858,Neutral
img4 (7401).jpg,2023-04-30 01:14:49.097860,Sad
img4 (7402).jpg,2023-04-30 01:14:49.102860,Sad
img4 (7403).jpg,2023-04-30 01:14:49.107955,Sad
img4 (7404).jpg,2023-04-30 01:14:49.111956,Sad
img4 (7405).jpg,2023-04-30 01:14:49.117860,Sad
img4 (7406).jpg,2023-04-30 01:14:49.121699,Sad
img4 (7407).jpg,2023-04-30 01:14:49.126700,Sad
img4 (7408).jpg,2023-04-30 01:14:49.131702,Happy
img4 (7409).jpg,2023-04-30 01:14:49.137306,Angry
img4 (741).jpg,2023-04-30 01:14:49.141307,Sad
img4 (7410).jpg,2023-04-30 01:14:49.145856,Sad
img4 (7411).jpg,2023-04-30 01:14:49.151647,Sad
img4 (7412).jpg,2023-04-30 01:14:49.156312,Fear
img4 (7413).jpg,2023-04-30 01:14:49.160772,Happy
img4 (7414).jpg,2023-04-30 01:14:49.166553,Sad
img4 (7415).jpg,2023-04-30 01:14:49.172438,Neutral
img4 (7416).jpg,2023-04-30 01:14:49.176438,Sad
img4 (7417).jpg,2023-04-30 01:14:49.181127,Sad
img4 (7418).jpg,2023-04-30 01:14:49.186854,Sad
img4 (7419).jpg,2023-04-30 01:14:49.190855,Sad
img4 (742).jpg,2023-04-30 01:14:49.195856,Sad
img4 (7420).jpg,2023-04-30 01:14:49.201497,Sad
img4 (7421).jpg,2023-04-30 01:14:49.205578,Fear
img4 (7422).jpg,2023-04-30 01:14:49.210373,Sad
img4 (7423).jpg,2023-04-30 01:14:49.215804,Neutral
img4 (7424).jpg,2023-04-30 01:14:49.220805,Neutral
img4 (7425).jpg,2023-04-30 01:14:49.225442,Sad
img4 (7426).jpg,2023-04-30 01:14:49.230446,Sad
img4 (7427).jpg,2023-04-30 01:14:49.235447,Fear
img4 (7428).jpg,2023-04-30 01:14:49.239451,Sad
img4 (7429).jpg,2023-04-30 01:14:49.244333,Sad
img4 (743).jpg,2023-04-30 01:14:49.250335,Neutral
img4 (7430).jpg,2023-04-30 01:14:49.255336,Neutral
img4 (7431).jpg,2023-04-30 01:14:49.260337,Neutral
img4 (7432).jpg,2023-04-30 01:14:49.265646,Sad
img4 (7433).jpg,2023-04-30 01:14:49.270648,Sad
img4 (7434).jpg,2023-04-30 01:14:49.275436,Neutral
img4 (7435).jpg,2023-04-30 01:14:49.280437,Angry
img4 (7436).jpg,2023-04-30 01:14:49.285442,Sad
img4 (7437).jpg,2023-04-30 01:14:49.290282,Neutral
img4 (7438).jpg,2023-04-30 01:14:49.295285,Sad
img4 (7439).jpg,2023-04-30 01:14:49.300286,Sad
img4 (744).jpg,2023-04-30 01:14:49.304639,Neutral
img4 (7440).jpg,2023-04-30 01:14:49.309933,Sad
img4 (7441).jpg,2023-04-30 01:14:49.314934,Neutral
img4 (7442).jpg,2023-04-30 01:14:49.319952,Sad
img4 (7443).jpg,2023-04-30 01:14:49.324942,Angry
img4 (7444).jpg,2023-04-30 01:14:49.329943,Sad
img4 (7445).jpg,2023-04-30 01:14:49.333944,Sad
img4 (7446).jpg,2023-04-30 01:14:49.340141,Sad
img4 (7447).jpg,2023-04-30 01:14:49.344970,Sad
img4 (7448).jpg,2023-04-30 01:14:49.349343,Neutral
img4 (7449).jpg,2023-04-30 01:14:49.354093,Sad
img4 (745).jpg,2023-04-30 01:14:49.358896,Sad
img4 (7450).jpg,2023-04-30 01:14:49.364900,Fear
img4 (7451).jpg,2023-04-30 01:14:49.368903,Neutral
img4 (7452).jpg,2023-04-30 01:14:49.374904,Fear
img4 (7453).jpg,2023-04-30 01:14:49.380045,Sad
img4 (7454).jpg,2023-04-30 01:14:49.384228,Neutral
img4 (7455).jpg,2023-04-30 01:14:49.389229,Neutral
img4 (7456).jpg,2023-04-30 01:14:49.394231,Sad
img4 (7457).jpg,2023-04-30 01:14:49.399231,Fear
img4 (7458).jpg,2023-04-30 01:14:49.404232,Sad
img4 (7459).jpg,2023-04-30 01:14:49.408233,Sad
img4 (746).jpg,2023-04-30 01:14:49.413234,Fear
img4 (7460).jpg,2023-04-30 01:14:49.419236,Sad
img4 (7461).jpg,2023-04-30 01:14:49.424237,Sad
img4 (7462).jpg,2023-04-30 01:14:49.428238,Sad
img4 (7463).jpg,2023-04-30 01:14:49.433239,Neutral
img4 (7464).jpg,2023-04-30 01:14:49.438240,Neutral
img4 (7465).jpg,2023-04-30 01:14:49.443242,Sad
img4 (7466).jpg,2023-04-30 01:14:49.448246,Sad
img4 (7467).jpg,2023-04-30 01:14:49.453247,Sad
img4 (7468).jpg,2023-04-30 01:14:49.458249,Neutral
img4 (7469).jpg,2023-04-30 01:14:49.463252,Sad
img4 (747).jpg,2023-04-30 01:14:49.468255,Sad
img4 (7470).jpg,2023-04-30 01:14:49.473254,Neutral
img4 (7471).jpg,2023-04-30 01:14:49.478255,Neutral
img4 (7472).jpg,2023-04-30 01:14:49.483256,Neutral
img4 (7473).jpg,2023-04-30 01:14:49.488120,Sad
img4 (7474).jpg,2023-04-30 01:14:49.493062,Neutral
img4 (7475).jpg,2023-04-30 01:14:49.498302,Sad
img4 (7476).jpg,2023-04-30 01:14:49.503303,Sad
img4 (7477).jpg,2023-04-30 01:14:49.508289,Sad
img4 (7478).jpg,2023-04-30 01:14:49.512276,Sad
img4 (7479).jpg,2023-04-30 01:14:49.517277,Happy
img4 (748).jpg,2023-04-30 01:14:49.522279,Sad
img4 (7480).jpg,2023-04-30 01:14:49.528259,Neutral
img4 (7481).jpg,2023-04-30 01:14:49.532259,Fear
img4 (7482).jpg,2023-04-30 01:14:49.537261,Sad
img4 (7483).jpg,2023-04-30 01:14:49.543262,Sad
img4 (7484).jpg,2023-04-30 01:14:49.548263,Sad
img4 (7485).jpg,2023-04-30 01:14:49.553264,Sad
img4 (7486).jpg,2023-04-30 01:14:49.558266,Happy
img4 (7487).jpg,2023-04-30 01:14:49.562266,Neutral
img4 (7488).jpg,2023-04-30 01:14:49.567267,Sad
img4 (7489).jpg,2023-04-30 01:14:49.572268,Sad
img4 (749).jpg,2023-04-30 01:14:49.578270,Sad
img4 (7490).jpg,2023-04-30 01:14:49.583271,Fear
img4 (7491).jpg,2023-04-30 01:14:49.588272,Neutral
img4 (7492).jpg,2023-04-30 01:14:49.593274,Sad
img4 (7493).jpg,2023-04-30 01:14:49.598274,Fear
img4 (7494).jpg,2023-04-30 01:14:49.603276,Sad
img4 (7495).jpg,2023-04-30 01:14:49.608276,Sad
img4 (7496).jpg,2023-04-30 01:14:49.615279,Sad
img4 (7497).jpg,2023-04-30 01:14:49.620281,Sad
img4 (7498).jpg,2023-04-30 01:14:49.626281,Fear
img4 (7499).jpg,2023-04-30 01:14:49.632282,Sad
img4 (75).jpg,2023-04-30 01:14:49.638284,Sad
img4 (750).jpg,2023-04-30 01:14:49.644285,Happy
img4 (7500).jpg,2023-04-30 01:14:49.649286,Sad
img4 (7501).jpg,2023-04-30 01:14:49.656288,Sad
img4 (7502).jpg,2023-04-30 01:14:49.661289,Neutral
img4 (7503).jpg,2023-04-30 01:14:49.665290,Neutral
img4 (7504).jpg,2023-04-30 01:14:49.670291,Neutral
img4 (7505).jpg,2023-04-30 01:14:49.675897,Sad
img4 (7506).jpg,2023-04-30 01:14:49.680720,Sad
img4 (7507).jpg,2023-04-30 01:14:49.685654,Sad
img4 (7508).jpg,2023-04-30 01:14:49.689655,Sad
img4 (7509).jpg,2023-04-30 01:14:49.694656,Fear
img4 (751).jpg,2023-04-30 01:14:49.699657,Neutral
img4 (7510).jpg,2023-04-30 01:14:49.704659,Sad
img4 (7511).jpg,2023-04-30 01:14:49.709660,Sad
img4 (7512).jpg,2023-04-30 01:14:49.714661,Sad
img4 (7513).jpg,2023-04-30 01:14:49.720662,Sad
img4 (7514).jpg,2023-04-30 01:14:49.725844,Happy
img4 (7515).jpg,2023-04-30 01:14:49.730666,Fear
img4 (7516).jpg,2023-04-30 01:14:49.734666,Fear
img4 (7517).jpg,2023-04-30 01:14:49.739498,Sad
img4 (7518).jpg,2023-04-30 01:14:49.744325,Neutral
img4 (7519).jpg,2023-04-30 01:14:49.749326,Sad
img4 (752).jpg,2023-04-30 01:14:49.755449,Fear
img4 (7520).jpg,2023-04-30 01:14:49.760454,Sad
img4 (7521).jpg,2023-04-30 01:14:49.765247,Sad
img4 (7522).jpg,2023-04-30 01:14:49.770248,Sad
img4 (7523).jpg,2023-04-30 01:14:49.775249,Sad
img4 (7524).jpg,2023-04-30 01:14:49.780250,Sad
img4 (7525).jpg,2023-04-30 01:14:49.785252,Sad
img4 (7526).jpg,2023-04-30 01:14:49.790121,Sad
img4 (7527).jpg,2023-04-30 01:14:49.794125,Neutral
img4 (7528).jpg,2023-04-30 01:14:49.800120,Sad
img4 (7529).jpg,2023-04-30 01:14:49.804085,Fear
img4 (753).jpg,2023-04-30 01:14:49.808986,Fear
img4 (7530).jpg,2023-04-30 01:14:49.813987,Sad
img4 (7531).jpg,2023-04-30 01:14:49.819820,Sad
img4 (7532).jpg,2023-04-30 01:14:49.824821,Neutral
img4 (7533).jpg,2023-04-30 01:14:49.828571,Neutral
img4 (7534).jpg,2023-04-30 01:14:49.833572,Angry
img4 (7535).jpg,2023-04-30 01:14:49.838574,Sad
img4 (7536).jpg,2023-04-30 01:14:49.844550,Sad
img4 (7537).jpg,2023-04-30 01:14:49.849347,Sad
img4 (7538).jpg,2023-04-30 01:14:49.855352,Angry
img4 (7539).jpg,2023-04-30 01:14:49.860425,Sad
img4 (754).jpg,2023-04-30 01:14:49.865808,Sad
img4 (7540).jpg,2023-04-30 01:14:49.869780,Neutral
img4 (7541).jpg,2023-04-30 01:14:49.875557,Fear
img4 (7542).jpg,2023-04-30 01:14:49.879558,Sad
img4 (7543).jpg,2023-04-30 01:14:49.885402,Sad
img4 (7544).jpg,2023-04-30 01:14:49.889404,Neutral
img4 (7545).jpg,2023-04-30 01:14:49.894758,Sad
img4 (7546).jpg,2023-04-30 01:14:49.900760,Sad
img4 (7547).jpg,2023-04-30 01:14:49.905740,Angry
img4 (7548).jpg,2023-04-30 01:14:49.910407,Sad
img4 (7549).jpg,2023-04-30 01:14:49.916031,Sad
img4 (755).jpg,2023-04-30 01:14:49.920032,Sad
img4 (7550).jpg,2023-04-30 01:14:49.927038,Sad
img4 (7551).jpg,2023-04-30 01:14:49.931040,Sad
img4 (7552).jpg,2023-04-30 01:14:49.935800,Sad
img4 (7553).jpg,2023-04-30 01:14:49.940801,Sad
img4 (7554).jpg,2023-04-30 01:14:49.946273,Fear
img4 (7555).jpg,2023-04-30 01:14:49.950691,Fear
img4 (7556).jpg,2023-04-30 01:14:49.956068,Neutral
img4 (7557).jpg,2023-04-30 01:14:49.961072,Sad
img4 (7558).jpg,2023-04-30 01:14:49.966074,Fear
img4 (7559).jpg,2023-04-30 01:14:49.970772,Neutral
img4 (756).jpg,2023-04-30 01:14:49.975773,Sad
img4 (7560).jpg,2023-04-30 01:14:49.979774,Sad
img4 (7561).jpg,2023-04-30 01:14:49.985775,Sad
img4 (7562).jpg,2023-04-30 01:14:49.990776,Fear
img4 (7563).jpg,2023-04-30 01:14:49.995778,Fear
img4 (7564).jpg,2023-04-30 01:14:50.000781,Sad
img4 (7565).jpg,2023-04-30 01:14:50.005782,Sad
img4 (7566).jpg,2023-04-30 01:14:50.010681,Sad
img4 (7567).jpg,2023-04-30 01:14:50.015682,Sad
img4 (7568).jpg,2023-04-30 01:14:50.020688,Neutral
img4 (7569).jpg,2023-04-30 01:14:50.024684,Neutral
img4 (757).jpg,2023-04-30 01:14:50.029526,Neutral
img4 (7570).jpg,2023-04-30 01:14:50.034830,Sad
img4 (7571).jpg,2023-04-30 01:14:50.039831,Sad
img4 (7572).jpg,2023-04-30 01:14:50.044835,Sad
img4 (7573).jpg,2023-04-30 01:14:50.049839,Sad
img4 (7574).jpg,2023-04-30 01:14:50.054574,Neutral
img4 (7575).jpg,2023-04-30 01:14:50.058889,Neutral
img4 (7576).jpg,2023-04-30 01:14:50.063663,Neutral
img4 (7577).jpg,2023-04-30 01:14:50.069443,Sad
img4 (7578).jpg,2023-04-30 01:14:50.074634,Sad
img4 (7579).jpg,2023-04-30 01:14:50.078637,Neutral
img4 (758).jpg,2023-04-30 01:14:50.084570,Sad
img4 (7580).jpg,2023-04-30 01:14:50.089204,Sad
img4 (7581).jpg,2023-04-30 01:14:50.094132,Sad
img4 (7582).jpg,2023-04-30 01:14:50.099133,Fear
img4 (7583).jpg,2023-04-30 01:14:50.104135,Neutral
img4 (7584).jpg,2023-04-30 01:14:50.109136,Neutral
img4 (7585).jpg,2023-04-30 01:14:50.113137,Sad
img4 (7586).jpg,2023-04-30 01:14:50.118138,Sad
img4 (7587).jpg,2023-04-30 01:14:50.124139,Neutral
img4 (7588).jpg,2023-04-30 01:14:50.128140,Angry
img4 (7589).jpg,2023-04-30 01:14:50.134142,Sad
img4 (759).jpg,2023-04-30 01:14:50.138142,Sad
img4 (7590).jpg,2023-04-30 01:14:50.143143,Sad
img4 (7591).jpg,2023-04-30 01:14:50.148144,Fear
img4 (7592).jpg,2023-04-30 01:14:50.153146,Sad
img4 (7593).jpg,2023-04-30 01:14:50.158147,Sad
img4 (7594).jpg,2023-04-30 01:14:50.163148,Fear
img4 (7595).jpg,2023-04-30 01:14:50.168149,Fear
img4 (7596).jpg,2023-04-30 01:14:50.173150,Neutral
img4 (7597).jpg,2023-04-30 01:14:50.178152,Sad
img4 (7598).jpg,2023-04-30 01:14:50.184152,Sad
img4 (7599).jpg,2023-04-30 01:14:50.188154,Neutral
img4 (76).jpg,2023-04-30 01:14:50.194155,Fear
img4 (760).jpg,2023-04-30 01:14:50.200156,Neutral
img4 (7600).jpg,2023-04-30 01:14:50.205157,Sad
img4 (7601).jpg,2023-04-30 01:14:50.211159,Sad
img4 (7602).jpg,2023-04-30 01:14:50.215159,Neutral
img4 (7603).jpg,2023-04-30 01:14:50.221161,Sad
img4 (7604).jpg,2023-04-30 01:14:50.226162,Sad
img4 (7605).jpg,2023-04-30 01:14:50.231164,Sad
img4 (7606).jpg,2023-04-30 01:14:50.236165,Sad
img4 (7607).jpg,2023-04-30 01:14:50.241165,Sad
img4 (7608).jpg,2023-04-30 01:14:50.245631,Neutral
img4 (7609).jpg,2023-04-30 01:14:50.250269,Neutral
img4 (761).jpg,2023-04-30 01:14:50.255270,Neutral
img4 (7610).jpg,2023-04-30 01:14:50.260271,Neutral
img4 (7611).jpg,2023-04-30 01:14:50.265829,Fear
img4 (7612).jpg,2023-04-30 01:14:50.269830,Sad
img4 (7613).jpg,2023-04-30 01:14:50.274831,Neutral
img4 (7614).jpg,2023-04-30 01:14:50.279832,Sad
img4 (7615).jpg,2023-04-30 01:14:50.284833,Neutral
img4 (7616).jpg,2023-04-30 01:14:50.289834,Sad
img4 (7617).jpg,2023-04-30 01:14:50.294835,Sad
img4 (7618).jpg,2023-04-30 01:14:50.299218,Sad
img4 (7619).jpg,2023-04-30 01:14:50.304841,Sad
img4 (762).jpg,2023-04-30 01:14:50.308842,Angry
img4 (7620).jpg,2023-04-30 01:14:50.314556,Sad
img4 (7621).jpg,2023-04-30 01:14:50.319439,Fear
img4 (7622).jpg,2023-04-30 01:14:50.324241,Neutral
img4 (7623).jpg,2023-04-30 01:14:50.329016,Sad
img4 (7624).jpg,2023-04-30 01:14:50.334589,Fear
img4 (7625).jpg,2023-04-30 01:14:50.339025,Sad
img4 (7626).jpg,2023-04-30 01:14:50.344159,Fear
img4 (7627).jpg,2023-04-30 01:14:50.348895,Neutral
img4 (7628).jpg,2023-04-30 01:14:50.353895,Sad
img4 (7629).jpg,2023-04-30 01:14:50.359516,Sad
img4 (763).jpg,2023-04-30 01:14:50.363517,Neutral
img4 (7630).jpg,2023-04-30 01:14:50.369724,Fear
img4 (7631).jpg,2023-04-30 01:14:50.373685,Sad
img4 (7632).jpg,2023-04-30 01:14:50.379689,Sad
img4 (7633).jpg,2023-04-30 01:14:50.384691,Sad
img4 (7634).jpg,2023-04-30 01:14:50.389695,Fear
img4 (7635).jpg,2023-04-30 01:14:50.393691,Sad
img4 (7636).jpg,2023-04-30 01:14:50.399429,Sad
img4 (7637).jpg,2023-04-30 01:14:50.403497,Sad
img4 (7638).jpg,2023-04-30 01:14:50.409347,Sad
img4 (7639).jpg,2023-04-30 01:14:50.414348,Neutral
img4 (764).jpg,2023-04-30 01:14:50.419349,Neutral
img4 (7640).jpg,2023-04-30 01:14:50.425350,Sad
img4 (7641).jpg,2023-04-30 01:14:50.429354,Neutral
img4 (7642).jpg,2023-04-30 01:14:50.434355,Sad
img4 (7643).jpg,2023-04-30 01:14:50.439223,Sad
img4 (7644).jpg,2023-04-30 01:14:50.444225,Sad
img4 (7645).jpg,2023-04-30 01:14:50.449244,Sad
img4 (7646).jpg,2023-04-30 01:14:50.453816,Sad
img4 (7647).jpg,2023-04-30 01:14:50.459609,Neutral
img4 (7648).jpg,2023-04-30 01:14:50.464512,Sad
img4 (7649).jpg,2023-04-30 01:14:50.469512,Sad
img4 (765).jpg,2023-04-30 01:14:50.474514,Sad
img4 (7650).jpg,2023-04-30 01:14:50.479514,Sad
img4 (7651).jpg,2023-04-30 01:14:50.484519,Sad
img4 (7652).jpg,2023-04-30 01:14:50.489521,Sad
img4 (7653).jpg,2023-04-30 01:14:50.494522,Sad
img4 (7654).jpg,2023-04-30 01:14:50.499523,Angry
img4 (7655).jpg,2023-04-30 01:14:50.504245,Sad
img4 (7656).jpg,2023-04-30 01:14:50.509246,Sad
img4 (7657).jpg,2023-04-30 01:14:50.514232,Neutral
img4 (7658).jpg,2023-04-30 01:14:50.519233,Sad
img4 (7659).jpg,2023-04-30 01:14:50.525203,Sad
img4 (766).jpg,2023-04-30 01:14:50.529188,Sad
img4 (7660).jpg,2023-04-30 01:14:50.534088,Sad
img4 (7661).jpg,2023-04-30 01:14:50.539089,Happy
img4 (7662).jpg,2023-04-30 01:14:50.544090,Neutral
img4 (7663).jpg,2023-04-30 01:14:50.548947,Sad
img4 (7664).jpg,2023-04-30 01:14:50.553929,Fear
img4 (7665).jpg,2023-04-30 01:14:50.559926,Sad
img4 (7666).jpg,2023-04-30 01:14:50.564927,Sad
img4 (7667).jpg,2023-04-30 01:14:50.569931,Sad
img4 (7668).jpg,2023-04-30 01:14:50.574931,Angry
img4 (7669).jpg,2023-04-30 01:14:50.579939,Sad
img4 (767).jpg,2023-04-30 01:14:50.583939,Sad
img4 (7670).jpg,2023-04-30 01:14:50.588855,Sad
img4 (7671).jpg,2023-04-30 01:14:50.593856,Neutral
img4 (7672).jpg,2023-04-30 01:14:50.598857,Sad
img4 (7673).jpg,2023-04-30 01:14:50.603859,Neutral
img4 (7674).jpg,2023-04-30 01:14:50.609610,Sad
img4 (7675).jpg,2023-04-30 01:14:50.614611,Happy
img4 (7676).jpg,2023-04-30 01:14:50.618840,Sad
img4 (7677).jpg,2023-04-30 01:14:50.623841,Sad
img4 (7678).jpg,2023-04-30 01:14:50.628842,Sad
img4 (7679).jpg,2023-04-30 01:14:50.634333,Fear
img4 (768).jpg,2023-04-30 01:14:50.638149,Neutral
img4 (7680).jpg,2023-04-30 01:14:50.643540,Sad
img4 (7681).jpg,2023-04-30 01:14:50.648813,Neutral
img4 (7682).jpg,2023-04-30 01:14:50.653137,Sad
img4 (7683).jpg,2023-04-30 01:14:50.659142,Sad
img4 (7684).jpg,2023-04-30 01:14:50.663142,Angry
img4 (7685).jpg,2023-04-30 01:14:50.668143,Neutral
img4 (7686).jpg,2023-04-30 01:14:50.673145,Sad
img4 (7687).jpg,2023-04-30 01:14:50.678146,Sad
img4 (7688).jpg,2023-04-30 01:14:50.683147,Sad
img4 (7689).jpg,2023-04-30 01:14:50.688148,Neutral
img4 (769).jpg,2023-04-30 01:14:50.693149,Sad
img4 (7690).jpg,2023-04-30 01:14:50.698151,Sad
img4 (7691).jpg,2023-04-30 01:14:50.704153,Sad
img4 (7692).jpg,2023-04-30 01:14:50.709153,Sad
img4 (7693).jpg,2023-04-30 01:14:50.715154,Sad
img4 (7694).jpg,2023-04-30 01:14:50.720155,Happy
img4 (7695).jpg,2023-04-30 01:14:50.724156,Sad
img4 (7696).jpg,2023-04-30 01:14:50.730158,Sad
img4 (7697).jpg,2023-04-30 01:14:50.735159,Neutral
img4 (7698).jpg,2023-04-30 01:14:50.740161,Fear
img4 (7699).jpg,2023-04-30 01:14:50.745161,Sad
img4 (77).jpg,2023-04-30 01:14:50.750163,Fear
img4 (770).jpg,2023-04-30 01:14:50.756163,Happy
img4 (7700).jpg,2023-04-30 01:14:50.762166,Sad
img4 (7701).jpg,2023-04-30 01:14:50.767166,Sad
img4 (7702).jpg,2023-04-30 01:14:50.772168,Sad
img4 (7703).jpg,2023-04-30 01:14:50.777168,Neutral
img4 (7704).jpg,2023-04-30 01:14:50.782169,Sad
img4 (7705).jpg,2023-04-30 01:14:50.787170,Sad
img4 (7706).jpg,2023-04-30 01:14:50.792171,Neutral
img4 (7707).jpg,2023-04-30 01:14:50.797173,Fear
img4 (7708).jpg,2023-04-30 01:14:50.802173,Sad
img4 (7709).jpg,2023-04-30 01:14:50.807175,Neutral
img4 (771).jpg,2023-04-30 01:14:50.812382,Fear
img4 (7710).jpg,2023-04-30 01:14:50.817087,Sad
img4 (7711).jpg,2023-04-30 01:14:50.822090,Sad
img4 (7712).jpg,2023-04-30 01:14:50.826939,Fear
img4 (7713).jpg,2023-04-30 01:14:50.831967,Sad
img4 (7714).jpg,2023-04-30 01:14:50.836850,Sad
img4 (7715).jpg,2023-04-30 01:14:50.840826,Sad
img4 (7716).jpg,2023-04-30 01:14:50.846474,Sad
img4 (7717).jpg,2023-04-30 01:14:50.851382,Sad
img4 (7718).jpg,2023-04-30 01:14:50.855385,Neutral
img4 (7719).jpg,2023-04-30 01:14:50.861386,Angry
img4 (772).jpg,2023-04-30 01:14:50.866387,Angry
img4 (7720).jpg,2023-04-30 01:14:50.870388,Sad
img4 (7721).jpg,2023-04-30 01:14:50.876262,Sad
img4 (7722).jpg,2023-04-30 01:14:50.880222,Sad
img4 (7723).jpg,2023-04-30 01:14:50.885093,Sad
img4 (7724).jpg,2023-04-30 01:14:50.890095,Sad
img4 (7725).jpg,2023-04-30 01:14:50.894821,Sad
img4 (7726).jpg,2023-04-30 01:14:50.899579,Neutral
img4 (7727).jpg,2023-04-30 01:14:50.905585,Sad
img4 (7728).jpg,2023-04-30 01:14:50.910589,Sad
img4 (7729).jpg,2023-04-30 01:14:50.915308,Sad
img4 (773).jpg,2023-04-30 01:14:50.920308,Sad
img4 (7730).jpg,2023-04-30 01:14:50.925282,Angry
img4 (7731).jpg,2023-04-30 01:14:50.930284,Sad
img4 (7732).jpg,2023-04-30 01:14:50.935285,Angry
img4 (7733).jpg,2023-04-30 01:14:50.940099,Sad
img4 (7734).jpg,2023-04-30 01:14:50.945100,Sad
img4 (7735).jpg,2023-04-30 01:14:50.950105,Neutral
img4 (7736).jpg,2023-04-30 01:14:50.955110,Sad
img4 (7737).jpg,2023-04-30 01:14:50.960110,Sad
img4 (7738).jpg,2023-04-30 01:14:50.969531,Sad
img4 (7739).jpg,2023-04-30 01:14:50.974363,Sad
img4 (774).jpg,2023-04-30 01:14:50.979304,Sad
img4 (7740).jpg,2023-04-30 01:14:50.984230,Sad
img4 (7741).jpg,2023-04-30 01:14:50.990101,Sad
img4 (7742).jpg,2023-04-30 01:14:50.995102,Sad
img4 (7743).jpg,2023-04-30 01:14:51.000103,Sad
img4 (7744).jpg,2023-04-30 01:14:51.006106,Sad
img4 (7745).jpg,2023-04-30 01:14:51.011319,Sad
img4 (7746).jpg,2023-04-30 01:14:51.016630,Sad
img4 (7747).jpg,2023-04-30 01:14:51.021398,Neutral
img4 (7748).jpg,2023-04-30 01:14:51.025439,Fear
img4 (7749).jpg,2023-04-30 01:14:51.031440,Sad
img4 (775).jpg,2023-04-30 01:14:51.036443,Neutral
img4 (7750).jpg,2023-04-30 01:14:51.040444,Sad
img4 (7751).jpg,2023-04-30 01:14:51.045448,Sad
img4 (7752).jpg,2023-04-30 01:14:51.051450,Sad
img4 (7753).jpg,2023-04-30 01:14:51.056451,Sad
img4 (7754).jpg,2023-04-30 01:14:51.061452,Fear
img4 (7755).jpg,2023-04-30 01:14:51.066420,Fear
img4 (7756).jpg,2023-04-30 01:14:51.070421,Neutral
img4 (7757).jpg,2023-04-30 01:14:51.076164,Sad
img4 (7758).jpg,2023-04-30 01:14:51.080121,Neutral
img4 (7759).jpg,2023-04-30 01:14:51.085541,Sad
img4 (776).jpg,2023-04-30 01:14:51.090542,Fear
img4 (7760).jpg,2023-04-30 01:14:51.095330,Angry
img4 (7761).jpg,2023-04-30 01:14:51.100631,Sad
img4 (7762).jpg,2023-04-30 01:14:51.106637,Sad
img4 (7763).jpg,2023-04-30 01:14:51.111637,Fear
img4 (7764).jpg,2023-04-30 01:14:51.117638,Sad
img4 (7765).jpg,2023-04-30 01:14:51.121639,Neutral
img4 (7766).jpg,2023-04-30 01:14:51.126641,Sad
img4 (7767).jpg,2023-04-30 01:14:51.131571,Sad
img4 (7768).jpg,2023-04-30 01:14:51.136519,Sad
img4 (7769).jpg,2023-04-30 01:14:51.141520,Sad
img4 (777).jpg,2023-04-30 01:14:51.146322,Neutral
img4 (7770).jpg,2023-04-30 01:14:51.152323,Sad
img4 (7771).jpg,2023-04-30 01:14:51.156324,Neutral
img4 (7772).jpg,2023-04-30 01:14:51.162069,Sad
img4 (7773).jpg,2023-04-30 01:14:51.167070,Neutral
img4 (7774).jpg,2023-04-30 01:14:51.171641,Neutral
img4 (7775).jpg,2023-04-30 01:14:51.176986,Neutral
img4 (7776).jpg,2023-04-30 01:14:51.181988,Sad
img4 (7777).jpg,2023-04-30 01:14:51.185989,Sad
img4 (7778).jpg,2023-04-30 01:14:51.191524,Neutral
img4 (7779).jpg,2023-04-30 01:14:51.196487,Sad
img4 (778).jpg,2023-04-30 01:14:51.201492,Sad
img4 (7780).jpg,2023-04-30 01:14:51.206496,Neutral
img4 (7781).jpg,2023-04-30 01:14:51.213497,Fear
img4 (7782).jpg,2023-04-30 01:14:51.218288,Sad
img4 (7783).jpg,2023-04-30 01:14:51.223289,Sad
img4 (7784).jpg,2023-04-30 01:14:51.229290,Fear
img4 (7785).jpg,2023-04-30 01:14:51.234291,Neutral
img4 (7786).jpg,2023-04-30 01:14:51.239293,Sad
img4 (7787).jpg,2023-04-30 01:14:51.243293,Sad
img4 (7788).jpg,2023-04-30 01:14:51.249294,Sad
img4 (7789).jpg,2023-04-30 01:14:51.254296,Sad
img4 (779).jpg,2023-04-30 01:14:51.259297,Sad
img4 (7790).jpg,2023-04-30 01:14:51.264298,Neutral
img4 (7791).jpg,2023-04-30 01:14:51.269299,Neutral
img4 (7792).jpg,2023-04-30 01:14:51.274300,Sad
img4 (7793).jpg,2023-04-30 01:14:51.279301,Fear
img4 (7794).jpg,2023-04-30 01:14:51.284303,Sad
img4 (7795).jpg,2023-04-30 01:14:51.289304,Sad
img4 (7796).jpg,2023-04-30 01:14:51.294305,Sad
img4 (7797).jpg,2023-04-30 01:14:51.299307,Neutral
img4 (7798).jpg,2023-04-30 01:14:51.304307,Sad
img4 (7799).jpg,2023-04-30 01:14:51.309309,Sad
img4 (78).jpg,2023-04-30 01:14:51.315310,Sad
img4 (780).jpg,2023-04-30 01:14:51.322311,Angry
img4 (7800).jpg,2023-04-30 01:14:51.328314,Neutral
img4 (7801).jpg,2023-04-30 01:14:51.333315,Fear
img4 (7802).jpg,2023-04-30 01:14:51.339315,Sad
img4 (7803).jpg,2023-04-30 01:14:51.344316,Happy
img4 (7804).jpg,2023-04-30 01:14:51.349317,Sad
img4 (7805).jpg,2023-04-30 01:14:51.354319,Sad
img4 (7806).jpg,2023-04-30 01:14:51.359320,Sad
img4 (7807).jpg,2023-04-30 01:14:51.364321,Neutral
img4 (7808).jpg,2023-04-30 01:14:51.369322,Sad
img4 (7809).jpg,2023-04-30 01:14:51.375324,Sad
img4 (781).jpg,2023-04-30 01:14:51.380324,Sad
img4 (7810).jpg,2023-04-30 01:14:51.385330,Neutral
img4 (7811).jpg,2023-04-30 01:14:51.390331,Neutral
img4 (7812).jpg,2023-04-30 01:14:51.395334,Angry
img4 (7813).jpg,2023-04-30 01:14:51.400341,Sad
img4 (7814).jpg,2023-04-30 01:14:51.405385,Sad
img4 (7815).jpg,2023-04-30 01:14:51.409394,Sad
img4 (7816).jpg,2023-04-30 01:14:51.414359,Sad
img4 (7817).jpg,2023-04-30 01:14:51.420361,Sad
img4 (7818).jpg,2023-04-30 01:14:51.425402,Sad
img4 (7819).jpg,2023-04-30 01:14:51.429365,Sad
img4 (782).jpg,2023-04-30 01:14:51.434366,Fear
img4 (7820).jpg,2023-04-30 01:14:51.439367,Neutral
img4 (7821).jpg,2023-04-30 01:14:51.444216,Sad
img4 (7822).jpg,2023-04-30 01:14:51.449581,Sad
img4 (7823).jpg,2023-04-30 01:14:51.454582,Sad
img4 (7824).jpg,2023-04-30 01:14:51.459583,Sad
img4 (7825).jpg,2023-04-30 01:14:51.465585,Neutral
img4 (7826).jpg,2023-04-30 01:14:51.469619,Neutral
img4 (7827).jpg,2023-04-30 01:14:51.475545,Sad
img4 (7828).jpg,2023-04-30 01:14:51.480593,Sad
img4 (7829).jpg,2023-04-30 01:14:51.485805,Angry
img4 (783).jpg,2023-04-30 01:14:51.490561,Sad
img4 (7830).jpg,2023-04-30 01:14:51.497564,Sad
img4 (7831).jpg,2023-04-30 01:14:51.501564,Sad
img4 (7832).jpg,2023-04-30 01:14:51.506565,Sad
img4 (7833).jpg,2023-04-30 01:14:51.511566,Sad
img4 (7834).jpg,2023-04-30 01:14:51.516573,Neutral
img4 (7835).jpg,2023-04-30 01:14:51.521574,Happy
img4 (7836).jpg,2023-04-30 01:14:51.528574,Sad
img4 (7837).jpg,2023-04-30 01:14:51.534263,Sad
img4 (7838).jpg,2023-04-30 01:14:51.539267,Sad
img4 (7839).jpg,2023-04-30 01:14:51.544075,Neutral
img4 (784).jpg,2023-04-30 01:14:51.549579,Sad
img4 (7840).jpg,2023-04-30 01:14:51.554584,Neutral
img4 (7841).jpg,2023-04-30 01:14:51.559585,Fear
img4 (7842).jpg,2023-04-30 01:14:51.564586,Sad
img4 (7843).jpg,2023-04-30 01:14:51.569872,Sad
img4 (7844).jpg,2023-04-30 01:14:51.573903,Sad
img4 (7845).jpg,2023-04-30 01:14:51.578744,Neutral
img4 (7846).jpg,2023-04-30 01:14:51.583766,Neutral
img4 (7847).jpg,2023-04-30 01:14:51.588624,Sad
img4 (7848).jpg,2023-04-30 01:14:51.593625,Sad
img4 (7849).jpg,2023-04-30 01:14:51.599630,Neutral
img4 (785).jpg,2023-04-30 01:14:51.604631,Sad
img4 (7850).jpg,2023-04-30 01:14:51.608635,Neutral
img4 (7851).jpg,2023-04-30 01:14:51.613542,Angry
img4 (7852).jpg,2023-04-30 01:14:51.618473,Fear
img4 (7853).jpg,2023-04-30 01:14:51.623473,Sad
img4 (7854).jpg,2023-04-30 01:14:51.629475,Sad
img4 (7855).jpg,2023-04-30 01:14:51.634176,Sad
img4 (7856).jpg,2023-04-30 01:14:51.638995,Fear
img4 (7857).jpg,2023-04-30 01:14:51.643628,Sad
img4 (7858).jpg,2023-04-30 01:14:51.648284,Happy
img4 (7859).jpg,2023-04-30 01:14:51.654234,Neutral
img4 (786).jpg,2023-04-30 01:14:51.658151,Fear
img4 (7860).jpg,2023-04-30 01:14:51.664075,Fear
img4 (7861).jpg,2023-04-30 01:14:51.668076,Neutral
img4 (7862).jpg,2023-04-30 01:14:51.673118,Fear
img4 (7863).jpg,2023-04-30 01:14:51.679070,Angry
img4 (7864).jpg,2023-04-30 01:14:51.684007,Sad
img4 (7865).jpg,2023-04-30 01:14:51.689283,Sad
img4 (7866).jpg,2023-04-30 01:14:51.694283,Happy
img4 (7867).jpg,2023-04-30 01:14:51.699284,Neutral
img4 (7868).jpg,2023-04-30 01:14:51.704285,Sad
img4 (7869).jpg,2023-04-30 01:14:51.709287,Sad
img4 (787).jpg,2023-04-30 01:14:51.713691,Sad
img4 (7870).jpg,2023-04-30 01:14:51.719049,Neutral
img4 (7871).jpg,2023-04-30 01:14:51.724053,Fear
img4 (7872).jpg,2023-04-30 01:14:51.729562,Sad
img4 (7873).jpg,2023-04-30 01:14:51.734557,Sad
img4 (7874).jpg,2023-04-30 01:14:51.739562,Angry
img4 (7875).jpg,2023-04-30 01:14:51.744286,Neutral
img4 (7876).jpg,2023-04-30 01:14:51.749292,Sad
img4 (7877).jpg,2023-04-30 01:14:51.754292,Sad
img4 (7878).jpg,2023-04-30 01:14:51.759044,Fear
img4 (7879).jpg,2023-04-30 01:14:51.764045,Sad
img4 (788).jpg,2023-04-30 01:14:51.769046,Sad
img4 (7880).jpg,2023-04-30 01:14:51.773958,Neutral
img4 (7881).jpg,2023-04-30 01:14:51.779814,Sad
img4 (7882).jpg,2023-04-30 01:14:51.784820,Sad
img4 (7883).jpg,2023-04-30 01:14:51.789821,Fear
img4 (7884).jpg,2023-04-30 01:14:51.794822,Sad
img4 (7885).jpg,2023-04-30 01:14:51.799823,Fear
img4 (7886).jpg,2023-04-30 01:14:51.804824,Sad
img4 (7887).jpg,2023-04-30 01:14:51.809825,Sad
img4 (7888).jpg,2023-04-30 01:14:51.814826,Sad
img4 (7889).jpg,2023-04-30 01:14:51.819828,Fear
img4 (789).jpg,2023-04-30 01:14:51.824829,Neutral
img4 (7890).jpg,2023-04-30 01:14:51.829830,Sad
img4 (7891).jpg,2023-04-30 01:14:51.834831,Sad
img4 (7892).jpg,2023-04-30 01:14:51.839832,Sad
img4 (7893).jpg,2023-04-30 01:14:51.844833,Sad
img4 (7894).jpg,2023-04-30 01:14:51.849835,Neutral
img4 (7895).jpg,2023-04-30 01:14:51.855836,Fear
img4 (7896).jpg,2023-04-30 01:14:51.860837,Sad
img4 (7897).jpg,2023-04-30 01:14:51.865839,Sad
img4 (7898).jpg,2023-04-30 01:14:51.870840,Neutral
img4 (7899).jpg,2023-04-30 01:14:51.875841,Fear
img4 (79).jpg,2023-04-30 01:14:51.881841,Neutral
img4 (790).jpg,2023-04-30 01:14:51.887843,Neutral
img4 (7900).jpg,2023-04-30 01:14:51.893845,Sad
img4 (7901).jpg,2023-04-30 01:14:51.898846,Neutral
img4 (7902).jpg,2023-04-30 01:14:51.903847,Sad
img4 (7903).jpg,2023-04-30 01:14:51.908848,Neutral
img4 (7904).jpg,2023-04-30 01:14:51.913849,Neutral
img4 (7905).jpg,2023-04-30 01:14:51.918850,Sad
img4 (7906).jpg,2023-04-30 01:14:51.923852,Sad
img4 (7907).jpg,2023-04-30 01:14:51.929857,Sad
img4 (7908).jpg,2023-04-30 01:14:51.934993,Sad
img4 (7909).jpg,2023-04-30 01:14:51.939159,Sad
img4 (791).jpg,2023-04-30 01:14:51.944160,Sad
img4 (7910).jpg,2023-04-30 01:14:51.949150,Neutral
img4 (7911).jpg,2023-04-30 01:14:51.954150,Sad
img4 (7912).jpg,2023-04-30 01:14:51.959151,Neutral
img4 (7913).jpg,2023-04-30 01:14:51.963810,Angry
img4 (7914).jpg,2023-04-30 01:14:51.968811,Neutral
img4 (7915).jpg,2023-04-30 01:14:51.973812,Neutral
img4 (7916).jpg,2023-04-30 01:14:51.978814,Fear
img4 (7917).jpg,2023-04-30 01:14:51.983815,Sad
img4 (7918).jpg,2023-04-30 01:14:51.988816,Sad
img4 (7919).jpg,2023-04-30 01:14:51.993817,Sad
img4 (792).jpg,2023-04-30 01:14:51.998820,Sad
img4 (7920).jpg,2023-04-30 01:14:52.003823,Sad
img4 (7921).jpg,2023-04-30 01:14:52.008774,Sad
img4 (7922).jpg,2023-04-30 01:14:52.013776,Neutral
img4 (7923).jpg,2023-04-30 01:14:52.018777,Fear
img4 (7924).jpg,2023-04-30 01:14:52.023780,Sad
img4 (7925).jpg,2023-04-30 01:14:52.028781,Fear
img4 (7926).jpg,2023-04-30 01:14:52.033741,Sad
img4 (7927).jpg,2023-04-30 01:14:52.038742,Sad
img4 (7928).jpg,2023-04-30 01:14:52.043747,Sad
img4 (7929).jpg,2023-04-30 01:14:52.048754,Angry
img4 (793).jpg,2023-04-30 01:14:52.053942,Neutral
img4 (7930).jpg,2023-04-30 01:14:52.058825,Sad
img4 (7931).jpg,2023-04-30 01:14:52.063776,Sad
img4 (7932).jpg,2023-04-30 01:14:52.068576,Sad
img4 (7933).jpg,2023-04-30 01:14:52.073433,Sad
img4 (7934).jpg,2023-04-30 01:14:52.079435,Neutral
img4 (7935).jpg,2023-04-30 01:14:52.084436,Sad
img4 (7936).jpg,2023-04-30 01:14:52.088438,Fear
img4 (7937).jpg,2023-04-30 01:14:52.094319,Happy
img4 (7938).jpg,2023-04-30 01:14:52.099321,Fear
img4 (7939).jpg,2023-04-30 01:14:52.104303,Sad
img4 (794).jpg,2023-04-30 01:14:52.109325,Neutral
img4 (7940).jpg,2023-04-30 01:14:52.113955,Sad
img4 (7941).jpg,2023-04-30 01:14:52.118958,Sad
img4 (7942).jpg,2023-04-30 01:14:52.123959,Sad
img4 (7943).jpg,2023-04-30 01:14:52.129846,Sad
img4 (7944).jpg,2023-04-30 01:14:52.134847,Neutral
img4 (7945).jpg,2023-04-30 01:14:52.139848,Sad
img4 (7946).jpg,2023-04-30 01:14:52.144849,Sad
img4 (7947).jpg,2023-04-30 01:14:52.149602,Fear
img4 (7948).jpg,2023-04-30 01:14:52.154603,Neutral
img4 (7949).jpg,2023-04-30 01:14:52.159105,Fear
img4 (795).jpg,2023-04-30 01:14:52.163991,Sad
img4 (7950).jpg,2023-04-30 01:14:52.168949,Neutral
img4 (7951).jpg,2023-04-30 01:14:52.173950,Sad
img4 (7952).jpg,2023-04-30 01:14:52.179697,Neutral
img4 (7953).jpg,2023-04-30 01:14:52.184698,Sad
img4 (7954).jpg,2023-04-30 01:14:52.189674,Fear
img4 (7955).jpg,2023-04-30 01:14:52.194152,Sad
img4 (7956).jpg,2023-04-30 01:14:52.199153,Sad
img4 (7957).jpg,2023-04-30 01:14:52.204154,Sad
img4 (7958).jpg,2023-04-30 01:14:52.209156,Angry
img4 (7959).jpg,2023-04-30 01:14:52.214159,Neutral
img4 (796).jpg,2023-04-30 01:14:52.218715,Sad
img4 (7960).jpg,2023-04-30 01:14:52.224077,Sad
img4 (7961).jpg,2023-04-30 01:14:52.229804,Sad
img4 (7962).jpg,2023-04-30 01:14:52.233782,Neutral
img4 (7963).jpg,2023-04-30 01:14:52.238645,Neutral
img4 (7964).jpg,2023-04-30 01:14:52.244970,Happy
img4 (7965).jpg,2023-04-30 01:14:52.249971,Neutral
img4 (7966).jpg,2023-04-30 01:14:52.254972,Sad
img4 (7967).jpg,2023-04-30 01:14:52.259750,Sad
img4 (7968).jpg,2023-04-30 01:14:52.264752,Sad
img4 (7969).jpg,2023-04-30 01:14:52.270753,Sad
img4 (797).jpg,2023-04-30 01:14:52.275702,Happy
img4 (7970).jpg,2023-04-30 01:14:52.280703,Sad
img4 (7971).jpg,2023-04-30 01:14:52.284704,Happy
img4 (7972).jpg,2023-04-30 01:14:52.290416,Sad
img4 (7973).jpg,2023-04-30 01:14:52.295417,Sad
img4 (7974).jpg,2023-04-30 01:14:52.300418,Sad
img4 (7975).jpg,2023-04-30 01:14:52.305411,Sad
img4 (7976).jpg,2023-04-30 01:14:52.310412,Sad
img4 (7977).jpg,2023-04-30 01:14:52.315031,Sad
img4 (7978).jpg,2023-04-30 01:14:52.320416,Sad
img4 (7979).jpg,2023-04-30 01:14:52.325316,Sad
img4 (798).jpg,2023-04-30 01:14:52.330317,Sad
img4 (7980).jpg,2023-04-30 01:14:52.336323,Sad
img4 (7981).jpg,2023-04-30 01:14:52.341308,Happy
img4 (7982).jpg,2023-04-30 01:14:52.345309,Neutral
img4 (7983).jpg,2023-04-30 01:14:52.350310,Neutral
img4 (7984).jpg,2023-04-30 01:14:52.355311,Sad
img4 (7985).jpg,2023-04-30 01:14:52.360312,Sad
img4 (7986).jpg,2023-04-30 01:14:52.366314,Sad
img4 (7987).jpg,2023-04-30 01:14:52.371315,Happy
img4 (7988).jpg,2023-04-30 01:14:52.376316,Sad
img4 (7989).jpg,2023-04-30 01:14:52.381317,Neutral
img4 (799).jpg,2023-04-30 01:14:52.386318,Sad
img4 (7990).jpg,2023-04-30 01:14:52.391319,Neutral
img4 (7991).jpg,2023-04-30 01:14:52.396321,Angry
img4 (7992).jpg,2023-04-30 01:14:52.401321,Sad
img4 (7993).jpg,2023-04-30 01:14:52.405323,Neutral
img4 (7994).jpg,2023-04-30 01:14:52.410324,Neutral
img4 (7995).jpg,2023-04-30 01:14:52.415325,Neutral
img4 (7996).jpg,2023-04-30 01:14:52.420326,Sad
img4 (7997).jpg,2023-04-30 01:14:52.426328,Sad
img4 (7998).jpg,2023-04-30 01:14:52.431328,Fear
img4 (7999).jpg,2023-04-30 01:14:52.436330,Angry
img4 (8).jpg,2023-04-30 01:14:52.442332,Neutral
img4 (80).jpg,2023-04-30 01:14:52.449334,Sad
img4 (800).jpg,2023-04-30 01:14:52.454334,Neutral
img4 (8000).jpg,2023-04-30 01:14:52.460335,Angry
img4 (8001).jpg,2023-04-30 01:14:52.465338,Sad
img4 (8002).jpg,2023-04-30 01:14:52.470338,Sad
img4 (8003).jpg,2023-04-30 01:14:52.475338,Sad
img4 (8004).jpg,2023-04-30 01:14:52.480340,Happy
img4 (8005).jpg,2023-04-30 01:14:52.485341,Sad
img4 (8006).jpg,2023-04-30 01:14:52.490342,Sad
img4 (8007).jpg,2023-04-30 01:14:52.495212,Sad
img4 (8008).jpg,2023-04-30 01:14:52.500311,Sad
img4 (8009).jpg,2023-04-30 01:14:52.505312,Sad
img4 (801).jpg,2023-04-30 01:14:52.510293,Sad
img4 (8010).jpg,2023-04-30 01:14:52.517512,Sad
img4 (8011).jpg,2023-04-30 01:14:52.522513,Sad
img4 (8012).jpg,2023-04-30 01:14:52.527999,Happy
img4 (8013).jpg,2023-04-30 01:14:52.532000,Neutral
img4 (8014).jpg,2023-04-30 01:14:52.537684,Sad
img4 (8015).jpg,2023-04-30 01:14:52.542524,Sad
img4 (8016).jpg,2023-04-30 01:14:52.547499,Happy
img4 (8017).jpg,2023-04-30 01:14:52.552400,Sad
img4 (8018).jpg,2023-04-30 01:14:52.557203,Happy
img4 (8019).jpg,2023-04-30 01:14:52.562026,Sad
img4 (802).jpg,2023-04-30 01:14:52.567027,Fear
img4 (8020).jpg,2023-04-30 01:14:52.572029,Fear
img4 (8021).jpg,2023-04-30 01:14:52.577029,Sad
img4 (8022).jpg,2023-04-30 01:14:52.582031,Sad
img4 (8023).jpg,2023-04-30 01:14:52.587032,Sad
img4 (8024).jpg,2023-04-30 01:14:52.592033,Sad
img4 (8025).jpg,2023-04-30 01:14:52.597034,Sad
img4 (8026).jpg,2023-04-30 01:14:52.602035,Neutral
img4 (8027).jpg,2023-04-30 01:14:52.607039,Sad
img4 (8028).jpg,2023-04-30 01:14:52.612042,Neutral
img4 (8029).jpg,2023-04-30 01:14:52.617043,Sad
img4 (803).jpg,2023-04-30 01:14:52.622045,Fear
img4 (8030).jpg,2023-04-30 01:14:52.628046,Sad
img4 (8031).jpg,2023-04-30 01:14:52.633047,Neutral
img4 (8032).jpg,2023-04-30 01:14:52.638049,Neutral
img4 (8033).jpg,2023-04-30 01:14:52.643050,Happy
img4 (8034).jpg,2023-04-30 01:14:52.648229,Sad
img4 (8035).jpg,2023-04-30 01:14:52.653247,Sad
img4 (8036).jpg,2023-04-30 01:14:52.657248,Neutral
img4 (8037).jpg,2023-04-30 01:14:52.662249,Happy
img4 (8038).jpg,2023-04-30 01:14:52.667250,Sad
img4 (8039).jpg,2023-04-30 01:14:52.673255,Sad
img4 (804).jpg,2023-04-30 01:14:52.678257,Sad
img4 (8040).jpg,2023-04-30 01:14:52.683257,Sad
img4 (8041).jpg,2023-04-30 01:14:52.688259,Neutral
img4 (8042).jpg,2023-04-30 01:14:52.693148,Neutral
img4 (8043).jpg,2023-04-30 01:14:52.697149,Happy
img4 (8044).jpg,2023-04-30 01:14:52.702150,Neutral
img4 (8045).jpg,2023-04-30 01:14:52.707151,Sad
img4 (8046).jpg,2023-04-30 01:14:52.712152,Sad
img4 (8047).jpg,2023-04-30 01:14:52.717154,Happy
img4 (8048).jpg,2023-04-30 01:14:52.722155,Sad
img4 (8049).jpg,2023-04-30 01:14:52.728156,Neutral
img4 (805).jpg,2023-04-30 01:14:52.733015,Sad
img4 (8050).jpg,2023-04-30 01:14:52.738321,Neutral
img4 (8051).jpg,2023-04-30 01:14:52.744217,Sad
img4 (8052).jpg,2023-04-30 01:14:52.748236,Sad
img4 (8053).jpg,2023-04-30 01:14:52.753134,Happy
img4 (8054).jpg,2023-04-30 01:14:52.759027,Sad
img4 (8055).jpg,2023-04-30 01:14:52.762951,Fear
img4 (8056).jpg,2023-04-30 01:14:52.767952,Angry
img4 (8057).jpg,2023-04-30 01:14:52.772953,Fear
img4 (8058).jpg,2023-04-30 01:14:52.778749,Sad
img4 (8059).jpg,2023-04-30 01:14:52.783750,Angry
img4 (806).jpg,2023-04-30 01:14:52.788751,Fear
img4 (8060).jpg,2023-04-30 01:14:52.794487,Neutral
img4 (8061).jpg,2023-04-30 01:14:52.799488,Angry
img4 (8062).jpg,2023-04-30 01:14:52.804494,Happy
img4 (8063).jpg,2023-04-30 01:14:52.808496,Sad
img4 (8064).jpg,2023-04-30 01:14:52.813270,Neutral
img4 (8065).jpg,2023-04-30 01:14:52.818274,Neutral
img4 (8066).jpg,2023-04-30 01:14:52.823281,Fear
img4 (8067).jpg,2023-04-30 01:14:52.829282,Sad
img4 (8068).jpg,2023-04-30 01:14:52.833283,Happy
img4 (8069).jpg,2023-04-30 01:14:52.838365,Sad
img4 (807).jpg,2023-04-30 01:14:52.844201,Sad
img4 (8070).jpg,2023-04-30 01:14:52.849202,Sad
img4 (8071).jpg,2023-04-30 01:14:52.853203,Neutral
img4 (8072).jpg,2023-04-30 01:14:52.859043,Sad
img4 (8073).jpg,2023-04-30 01:14:52.863048,Happy
img4 (8074).jpg,2023-04-30 01:14:52.869043,Sad
img4 (8075).jpg,2023-04-30 01:14:52.874050,Sad
img4 (8076).jpg,2023-04-30 01:14:52.879051,Sad
img4 (8077).jpg,2023-04-30 01:14:52.884053,Sad
img4 (8078).jpg,2023-04-30 01:14:52.889057,Happy
img4 (8079).jpg,2023-04-30 01:14:52.894057,Happy
img4 (808).jpg,2023-04-30 01:14:52.899061,Fear
img4 (8080).jpg,2023-04-30 01:14:52.904058,Sad
img4 (8081).jpg,2023-04-30 01:14:52.908956,Sad
img4 (8082).jpg,2023-04-30 01:14:52.913957,Sad
img4 (8083).jpg,2023-04-30 01:14:52.918959,Sad
img4 (8084).jpg,2023-04-30 01:14:52.922959,Neutral
img4 (8085).jpg,2023-04-30 01:14:52.927960,Sad
img4 (8086).jpg,2023-04-30 01:14:52.932961,Neutral
img4 (8087).jpg,2023-04-30 01:14:52.937963,Fear
img4 (8088).jpg,2023-04-30 01:14:52.942964,Neutral
img4 (8089).jpg,2023-04-30 01:14:52.947965,Sad
img4 (809).jpg,2023-04-30 01:14:52.952966,Sad
img4 (8090).jpg,2023-04-30 01:14:52.957967,Neutral
img4 (8091).jpg,2023-04-30 01:14:52.962968,Neutral
img4 (8092).jpg,2023-04-30 01:14:52.967969,Sad
img4 (8093).jpg,2023-04-30 01:14:52.971970,Neutral
img4 (8094).jpg,2023-04-30 01:14:52.976971,Sad
img4 (8095).jpg,2023-04-30 01:14:52.981972,Sad
img4 (8096).jpg,2023-04-30 01:14:52.987974,Sad
img4 (8097).jpg,2023-04-30 01:14:52.992975,Neutral
img4 (8098).jpg,2023-04-30 01:14:52.997976,Sad
img4 (8099).jpg,2023-04-30 01:14:53.004978,Sad
img4 (81).jpg,2023-04-30 01:14:53.010979,Sad
img4 (810).jpg,2023-04-30 01:14:53.016981,Fear
img4 (8100).jpg,2023-04-30 01:14:53.021983,Sad
img4 (8101).jpg,2023-04-30 01:14:53.026983,Sad
img4 (8102).jpg,2023-04-30 01:14:53.031984,Fear
img4 (8103).jpg,2023-04-30 01:14:53.036985,Sad
img4 (8104).jpg,2023-04-30 01:14:53.041986,Neutral
img4 (8105).jpg,2023-04-30 01:14:53.047660,Sad
img4 (8106).jpg,2023-04-30 01:14:53.052661,Sad
img4 (8107).jpg,2023-04-30 01:14:53.057662,Sad
img4 (8108).jpg,2023-04-30 01:14:53.063355,Sad
img4 (8109).jpg,2023-04-30 01:14:53.067346,Sad
img4 (811).jpg,2023-04-30 01:14:53.072628,Fear
img4 (8110).jpg,2023-04-30 01:14:53.077065,Neutral
img4 (8111).jpg,2023-04-30 01:14:53.082245,Sad
img4 (8112).jpg,2023-04-30 01:14:53.088119,Sad
img4 (8113).jpg,2023-04-30 01:14:53.092120,Sad
img4 (8114).jpg,2023-04-30 01:14:53.097121,Sad
img4 (8115).jpg,2023-04-30 01:14:53.102123,Sad
img4 (8116).jpg,2023-04-30 01:14:53.108124,Fear
img4 (8117).jpg,2023-04-30 01:14:53.113125,Neutral
img4 (8118).jpg,2023-04-30 01:14:53.118126,Sad
img4 (8119).jpg,2023-04-30 01:14:53.122031,Sad
img4 (812).jpg,2023-04-30 01:14:53.128032,Sad
img4 (8120).jpg,2023-04-30 01:14:53.131908,Sad
img4 (8121).jpg,2023-04-30 01:14:53.137758,Fear
img4 (8122).jpg,2023-04-30 01:14:53.141711,Sad
img4 (8123).jpg,2023-04-30 01:14:53.147636,Sad
img4 (8124).jpg,2023-04-30 01:14:53.152043,Sad
img4 (8125).jpg,2023-04-30 01:14:53.157044,Sad
img4 (8126).jpg,2023-04-30 01:14:53.163045,Sad
img4 (8127).jpg,2023-04-30 01:14:53.167046,Neutral
img4 (8128).jpg,2023-04-30 01:14:53.172809,Sad
img4 (8129).jpg,2023-04-30 01:14:53.177810,Sad
img4 (813).jpg,2023-04-30 01:14:53.182811,Sad
img4 (8130).jpg,2023-04-30 01:14:53.186812,Sad
img4 (8131).jpg,2023-04-30 01:14:53.191813,Sad
img4 (8132).jpg,2023-04-30 01:14:53.197814,Sad
img4 (8133).jpg,2023-04-30 01:14:53.202816,Sad
img4 (8134).jpg,2023-04-30 01:14:53.207048,Happy
img4 (8135).jpg,2023-04-30 01:14:53.212679,Sad
img4 (8136).jpg,2023-04-30 01:14:53.216627,Neutral
img4 (8137).jpg,2023-04-30 01:14:53.221628,Neutral
img4 (8138).jpg,2023-04-30 01:14:53.226629,Sad
img4 (8139).jpg,2023-04-30 01:14:53.231626,Sad
img4 (814).jpg,2023-04-30 01:14:53.237397,Sad
img4 (8140).jpg,2023-04-30 01:14:53.242093,Sad
img4 (8141).jpg,2023-04-30 01:14:53.247094,Sad
img4 (8142).jpg,2023-04-30 01:14:53.252095,Sad
img4 (8143).jpg,2023-04-30 01:14:53.257096,Sad
img4 (8144).jpg,2023-04-30 01:14:53.262101,Sad
img4 (8145).jpg,2023-04-30 01:14:53.268102,Sad
img4 (8146).jpg,2023-04-30 01:14:53.273103,Sad
img4 (8147).jpg,2023-04-30 01:14:53.278585,Sad
img4 (8148).jpg,2023-04-30 01:14:53.283033,Sad
img4 (8149).jpg,2023-04-30 01:14:53.288125,Fear
img4 (815).jpg,2023-04-30 01:14:53.293126,Fear
img4 (8150).jpg,2023-04-30 01:14:53.298127,Neutral
img4 (8151).jpg,2023-04-30 01:14:53.304129,Sad
img4 (8152).jpg,2023-04-30 01:14:53.309129,Sad
img4 (8153).jpg,2023-04-30 01:14:53.314131,Sad
img4 (8154).jpg,2023-04-30 01:14:53.318137,Sad
img4 (8155).jpg,2023-04-30 01:14:53.323137,Sad
img4 (8156).jpg,2023-04-30 01:14:53.328139,Neutral
img4 (8157).jpg,2023-04-30 01:14:53.333876,Sad
img4 (8158).jpg,2023-04-30 01:14:53.338829,Sad
img4 (8159).jpg,2023-04-30 01:14:53.343830,Sad
img4 (816).jpg,2023-04-30 01:14:53.347825,Neutral
img4 (8160).jpg,2023-04-30 01:14:53.353112,Sad
img4 (8161).jpg,2023-04-30 01:14:53.358113,Sad
img4 (8162).jpg,2023-04-30 01:14:53.363115,Neutral
img4 (8163).jpg,2023-04-30 01:14:53.368551,Fear
img4 (8164).jpg,2023-04-30 01:14:53.373699,Sad
img4 (8165).jpg,2023-04-30 01:14:53.378703,Sad
img4 (8166).jpg,2023-04-30 01:14:53.382705,Sad
img4 (8167).jpg,2023-04-30 01:14:53.387707,Neutral
img4 (8168).jpg,2023-04-30 01:14:53.392571,Neutral
img4 (8169).jpg,2023-04-30 01:14:53.397710,Sad
img4 (817).jpg,2023-04-30 01:14:53.402494,Fear
img4 (8170).jpg,2023-04-30 01:14:53.407495,Sad
img4 (8171).jpg,2023-04-30 01:14:53.412496,Sad
img4 (8172).jpg,2023-04-30 01:14:53.417497,Fear
img4 (8173).jpg,2023-04-30 01:14:53.422503,Sad
img4 (8174).jpg,2023-04-30 01:14:53.427503,Neutral
img4 (8175).jpg,2023-04-30 01:14:53.432559,Fear
img4 (8176).jpg,2023-04-30 01:14:53.437460,Sad
img4 (8177).jpg,2023-04-30 01:14:53.443515,Sad
img4 (8178).jpg,2023-04-30 01:14:53.448426,Neutral
img4 (8179).jpg,2023-04-30 01:14:53.452388,Neutral
img4 (818).jpg,2023-04-30 01:14:53.458229,Sad
img4 (8180).jpg,2023-04-30 01:14:53.463232,Sad
img4 (8181).jpg,2023-04-30 01:14:53.467234,Neutral
img4 (8182).jpg,2023-04-30 01:14:53.473078,Neutral
img4 (8183).jpg,2023-04-30 01:14:53.478079,Neutral
img4 (8184).jpg,2023-04-30 01:14:53.483080,Happy
img4 (8185).jpg,2023-04-30 01:14:53.488081,Neutral
img4 (8186).jpg,2023-04-30 01:14:53.493083,Angry
img4 (8187).jpg,2023-04-30 01:14:53.498084,Sad
img4 (8188).jpg,2023-04-30 01:14:53.503085,Neutral
img4 (8189).jpg,2023-04-30 01:14:53.508086,Sad
img4 (819).jpg,2023-04-30 01:14:53.513087,Sad
img4 (8190).jpg,2023-04-30 01:14:53.519089,Neutral
img4 (8191).jpg,2023-04-30 01:14:53.524090,Angry
img4 (8192).jpg,2023-04-30 01:14:53.529091,Sad
img4 (8193).jpg,2023-04-30 01:14:53.534092,Neutral
img4 (8194).jpg,2023-04-30 01:14:53.539093,Sad
img4 (8195).jpg,2023-04-30 01:14:53.544094,Neutral
img4 (8196).jpg,2023-04-30 01:14:53.549097,Neutral
img4 (8197).jpg,2023-04-30 01:14:53.554096,Neutral
img4 (8198).jpg,2023-04-30 01:14:53.559098,Fear
img4 (8199).jpg,2023-04-30 01:14:53.564100,Neutral
img4 (82).jpg,2023-04-30 01:14:53.569100,Neutral
img4 (820).jpg,2023-04-30 01:14:53.575101,Sad
img4 (8200).jpg,2023-04-30 01:14:53.581104,Fear
img4 (8201).jpg,2023-04-30 01:14:53.586105,Fear
img4 (8202).jpg,2023-04-30 01:14:53.591106,Fear
img4 (8203).jpg,2023-04-30 01:14:53.597107,Sad
img4 (8204).jpg,2023-04-30 01:14:53.601107,Neutral
img4 (8205).jpg,2023-04-30 01:14:53.606108,Sad
img4 (8206).jpg,2023-04-30 01:14:53.612109,Neutral
img4 (8207).jpg,2023-04-30 01:14:53.617111,Happy
img4 (8208).jpg,2023-04-30 01:14:53.622115,Sad
img4 (8209).jpg,2023-04-30 01:14:53.627116,Neutral
img4 (821).jpg,2023-04-30 01:14:53.632715,Sad
img4 (8210).jpg,2023-04-30 01:14:53.636644,Sad
img4 (8211).jpg,2023-04-30 01:14:53.642082,Neutral
img4 (8212).jpg,2023-04-30 01:14:53.646831,Sad
img4 (8213).jpg,2023-04-30 01:14:53.651670,Sad
img4 (8214).jpg,2023-04-30 01:14:53.657674,Sad
